NAME,CASnumber,FORMULA,method,group_counts,Cp298_J_mol_K,Cp500_J_mol_K
(e)-2-methyl-3-hexene,692-24-0,C7H14,Joback-Reid estimate,=CH:2;CH:1;CH2:1;CH3:3,151.48894,231.91600
"(e)-3,4-dimethyl-2-pentene",4914-92-5,C7H14,Joback-Reid estimate,=C:1;=CH:1;CH:1;CH3:4,151.61734,231.83500
(e)-3-methyl-3-hexene,3899-36-3,C7H14,Joback-Reid estimate,=C:1;=CH:1;CH2:2;CH3:3,151.83200,231.41950
"1,1,4-trimethylcyclohexane",7094-27-1,C9H18,Joback-Reid estimate,CH3:3;ringC:1;ringCH:1;ringCH2:4,175.57216,299.14250
"1,2,3,5-tetramethylcyclohexane",3726-36-1,C10H20,Joback-Reid estimate,CH3:4;ringCH:4;ringCH2:2,205.31119,339.60000
"1,2,4,5-tetramethylbenzene",95-93-2,C10H14,Joback-Reid estimate,CH3:4;ring=C:4;ring=CH:2,180.86103,270.78500
"1,2,4-trimethylbenzene",95-63-6,C9H12,NIST SRD 69 quartic fit,CH3:3;ring=C:3;ring=CH:3,154.35131,237.67382
"1,2,4-trimethylcyclopentane",16883-48-0,C8H16,Joback-Reid estimate,CH3:3;ringCH:3;ringCH2:2,161.95127,269.67750
"1,2-diethylbenzene",135-01-3,C10H14,Joback-Reid estimate,CH2:2;CH3:2;ring=C:2;ring=CH:4,177.13201,274.37200
"1,3,5-triethylbenzene",102-25-0,C12H18,Joback-Reid estimate,CH2:3;CH3:3;ring=C:3;ring=CH:3,224.78620,341.53550
"1,3-diethylcyclopentane",19398-75-5,C9H18,Joback-Reid estimate,CH2:2;CH3:2;ringCH:2;ringCH2:3,182.62483,301.13200
"1,4-diethylbenzene",105-05-5,C10H14,Joback-Reid estimate,CH2:2;CH3:2;ring=C:2;ring=CH:4,177.13201,274.37200
"1,5-dimethylcyclopentene",16491-15-9,C7H12,Joback-Reid estimate,CH3:2;ring=C:1;ring=CH:1;ringCH:1;ringCH2:2,128.80402,210.84250
1-Methyl-2-propylcyclohexane,4291-79-6,C10H20,Joback-Reid estimate,CH2:2;CH3:2;ringCH:2;ringCH2:4,200.86862,333.55200
"1-ethyl-2,3-dimethylbenzene",933-98-2,C10H14,Joback-Reid estimate,CH2:1;CH3:3;ring=C:3;ring=CH:3,178.99652,272.57850
"1-ethyl-2,4-dimethylbenzene",874-41-9,C10H14,Joback-Reid estimate,CH2:1;CH3:3;ring=C:3;ring=CH:3,178.99652,272.57850
1-heptene,592-76-7,C7H14,Joback-Reid estimate,=CH:1;=CH2:1;CH2:4;CH3:1,155.58114,234.15650
1-hexene,592-41-6,C6H12,Joback-Reid estimate,=CH:1;=CH2:1;CH2:3;CH3:1,132.68630,199.67800
1-methyl-1-ethylcyclohexane,4926-90-3,C9H18,Joback-Reid estimate,CH2:1;CH3:2;ringC:1;ringCH2:5,173.35088,296.11850
1-methyl-2-propylcyclopentane,932-43-4,C9H18,Joback-Reid estimate,CH2:2;CH3:2;ringCH:2;ringCH2:3,182.62483,301.13200
1-methylcyclopentene,693-89-0,C6H10,Joback-Reid estimate,CH3:1;ring=C:1;ring=CH:1;ringCH2:3,103.68789,173.34000
1-methylnaphthalene,90-12-0,C11H10,Joback-Reid estimate,CH3:1;ring=C:3;ring=CH:7,157.47066,251.50500
1-pentene,109-67-1,C5H10,Joback-Reid estimate,=CH:1;=CH2:1;CH2:2;CH3:1,109.79146,165.19950
"2,2,3-trimethylhexane",16747-25-4,C9H20,Joback-Reid estimate,C:1;CH:1;CH2:2;CH3:5,211.37053,324.56450
"2,2,3-trimethylpentane",564-02-3,C8H18,Joback-Reid estimate,C:1;CH:1;CH2:1;CH3:5,188.47569,290.08600
"2,2,4-trimethylheptane",14720-74-2,C10H22,Joback-Reid estimate,C:1;CH:1;CH2:3;CH3:5,234.26537,359.04300
"2,2,5-trimethylhexane",3522-94-9,C9H20,Joback-Reid estimate,C:1;CH:1;CH2:2;CH3:5,211.37053,324.56450
"2,2,6-trimethyloctane",62016-28-8,C11H24,Joback-Reid estimate,C:1;CH:1;CH2:4;CH3:5,257.16021,393.52150
"2,2-dimethyloctane",15869-87-1,C10H22,Joback-Reid estimate,C:1;CH2:5;CH3:4,234.48004,358.62750
"2,3,3-trimethyl-1-butene",594-56-9,C7H14,Joback-Reid estimate,=C:1;=CH2:1;C:1;CH3:4,155.38945,238.56000
"2,3,3-trimethyloctane",62016-30-2,C11H24,Joback-Reid estimate,C:1;CH:1;CH2:4;CH3:5,257.16021,393.52150
"2,3,3-trimethylpentane",560-21-4,C8H18,Joback-Reid estimate,C:1;CH:1;CH2:1;CH3:5,188.47569,290.08600
"2,3,4-trimethyl-1,4-pentadiene",72014-90-5,C8H14,Joback-Reid estimate,=C:2;=CH2:2;CH:1;CH3:3,167.98366,252.33750
"2,3,5-trimethylhexane",1069-53-0,C9H20,Joback-Reid estimate,CH:3;CH2:1;CH3:5,211.26129,320.91100
"2,3-dimethyl-1-hexene",16746-86-4,C8H16,Joback-Reid estimate,=C:1;=CH2:1;CH:1;CH2:2;CH3:3,178.38972,268.96950
"2,3-dimethyl-2-heptene",3074-64-4,C9H18,Joback-Reid estimate,=C:2;CH2:3;CH3:4,197.75008,300.29550
"2,3-dimethyl-2-octene",19781-18-1,C10H20,Joback-Reid estimate,=C:2;CH2:4;CH3:4,220.64492,334.77400
"2,3-dimethyl-2-pentene",10574-37-5,C7H14,Joback-Reid estimate,=C:2;CH2:1;CH3:4,151.96040,231.33850
"2,3-dimethylheptane",3074-71-3,C9H20,Joback-Reid estimate,CH:2;CH2:3;CH3:4,211.47596,320.49550
"2,3-dimethyloctane",7146-60-3,C10H22,Joback-Reid estimate,CH:2;CH2:4;CH3:4,234.37080,354.97400
"2,4-dimethyl-1-heptene",19549-87-2,C9H18,Joback-Reid estimate,=C:1;=CH2:1;CH:1;CH2:3;CH3:3,201.28456,303.44800
"2,4-dimethylheptane",2213-23-2,C9H20,Joback-Reid estimate,CH:2;CH2:3;CH3:4,211.47596,320.49550
"2,4-dimethyloctane",4032-94-4,C10H22,Joback-Reid estimate,CH:2;CH2:4;CH3:4,234.37080,354.97400
"2,5,6-trimethyloctane",62016-14-2,C11H24,Joback-Reid estimate,CH:3;CH2:3;CH3:5,257.05098,389.86800
"2,5-dimethylheptane",2216-30-0,C9H20,Joback-Reid estimate,CH:2;CH2:3;CH3:4,211.47596,320.49550
"2,5-dimethyloctane",15869-89-3,C10H22,Joback-Reid estimate,CH:2;CH2:4;CH3:4,234.37080,354.97400
"2,6-dimethyl-3-heptene",2738-18-3,C9H18,Joback-Reid estimate,=CH:2;CH:2;CH2:1;CH3:4,197.06396,301.28850
"2,6-dimethyloctane",2051-30-1,C10H22,Joback-Reid estimate,CH:2;CH2:4;CH3:4,234.37080,354.97400
2-hexene,4050-45-7,C6H12,Joback-Reid estimate,=CH:2;CH2:2;CH3:2,128.80876,197.02200
2-methyl-1-butene,563-46-2,C5H10,Joback-Reid estimate,=C:1;=CH2:1;CH2:1;CH3:2,109.91986,165.11850
2-methyl-1-heptene,15870-10-7,C8H16,Joback-Reid estimate,=C:1;=CH2:1;CH2:4;CH3:2,178.60438,268.55400
2-methyl-1-hexene,6094-02-6,C7H14,Joback-Reid estimate,=C:1;=CH2:1;CH2:3;CH3:2,155.70954,234.07550
2-methyl-1-pentene,763-29-1,C6H12,Joback-Reid estimate,=C:1;=CH2:1;CH2:2;CH3:2,132.81470,199.59700
2-methyl-2-butene,513-35-9,C5H10,Joback-Reid estimate,=C:1;=CH:1;CH3:3,106.04232,162.46250
2-methyl-2-hexene,2738-19-4,C7H14,Joback-Reid estimate,=C:1;=CH:1;CH2:2;CH3:3,151.83200,231.41950
2-methyl-2-octene,16993-86-5,C9H18,Joback-Reid estimate,=C:1;=CH:1;CH2:4;CH3:3,197.62168,300.37650
2-methyl-2-pentene,625-27-4,C6H12,Joback-Reid estimate,=C:1;=CH:1;CH2:1;CH3:3,128.93716,196.94100
2-methylnaphthalene,91-57-6,C11H10,Joback-Reid estimate,CH3:1;ring=C:3;ring=CH:7,157.47066,251.50500
"3,3-dimethyl-1-butene",558-37-2,C6H12,Joback-Reid estimate,=CH:1;=CH2:1;C:1;CH3:3,132.36621,204.16250
"3,3-dimethyl-1-pentene",3404-73-7,C7H14,Joback-Reid estimate,=CH:1;=CH2:1;C:1;CH2:1;CH3:3,155.26105,238.64100
"3,5-dimethyl-3-heptene",59643-68-4,C9H18,Joback-Reid estimate,=C:1;=CH:1;CH:1;CH2:2;CH3:4,197.40702,300.79200
"3,5-dimethylcyclopentene",7459-71-4,C7H12,Joback-Reid estimate,CH3:2;ring=CH:2;ringCH:2;ringCH2:1,129.16079,215.66000
3-ethyl-2-pentene,816-79-5,C7H14,Joback-Reid estimate,=C:1;=CH:1;CH2:2;CH3:3,151.83200,231.41950
3-ethyl-3-hexene,16789-51-8,C8H16,Joback-Reid estimate,=C:1;=CH:1;CH2:3;CH3:3,174.72684,265.89800
3-ethylcyclopentene,694-35-9,C7H12,Joback-Reid estimate,CH2:1;CH3:1;ring=CH:2;ringCH:1;ringCH2:2,126.93950,212.63600
3-ethylheptane,15869-80-4,C9H20,Joback-Reid estimate,CH:1;CH2:5;CH3:3,211.69062,320.08000
3-ethylnonane,17302-11-3,C11H24,Joback-Reid estimate,CH:1;CH2:7;CH3:3,257.48030,389.03700
3-ethyloctane,5881-17-4,C10H22,Joback-Reid estimate,CH:1;CH2:6;CH3:3,234.58546,354.55850
3-ethylpentane,617-78-7,C7H16,Joback-Reid estimate,CH:1;CH2:3;CH3:3,165.90094,251.12300
3-methyl-1-hexene,3404-61-3,C7H14,Joback-Reid estimate,=CH:1;=CH2:1;CH:1;CH2:2;CH3:2,155.36648,234.57200
3-methyl-1-pentene,760-20-3,C6H12,Joback-Reid estimate,=CH:1;=CH2:1;CH:1;CH2:1;CH3:2,132.47164,200.09350
3-methyl-2-hexene,17618-77-8,C7H14,Joback-Reid estimate,=C:1;=CH:1;CH2:2;CH3:3,151.83200,231.41950
3-methylnonane,5911-04-6,C10H22,Joback-Reid estimate,CH:1;CH2:6;CH3:3,234.58546,354.55850
4-ethylheptane,2216-32-2,C9H20,Joback-Reid estimate,CH:1;CH2:5;CH3:3,211.69062,320.08000
4-methyl-1-hexene,3769-23-1,C7H14,Joback-Reid estimate,=CH:1;=CH2:1;CH:1;CH2:2;CH3:2,155.36648,234.57200
4-methylheptane,589-53-7,C8H18,Joback-Reid estimate,CH:1;CH2:4;CH3:3,188.79578,285.60150
4-methylnonane,17301-94-9,C10H22,Joback-Reid estimate,CH:1;CH2:6;CH3:3,234.58546,354.55850
5-ethyltetralin,42775-75-7,C12H16,Joback-Reid estimate,CH2:1;CH3:1;ring=C:3;ring=CH:3;ringCH2:4,195.71422,319.01350
5-methyl-3-heptene,13172-91-3,C8H16,Joback-Reid estimate,=CH:2;CH:1;CH2:2;CH3:3,174.38378,266.39450
5-methyl-3-heptyne,61228-09-9,C8H14,Joback-Reid estimate,#C:2;CH:1;CH2:2;CH3:3,169.32444,248.66700
5-methylnonane,15869-85-9,C10H22,Joback-Reid estimate,CH:1;CH2:6;CH3:3,234.58546,354.55850
5-undecene,764-96-5,C11H22,Joback-Reid estimate,=CH:2;CH2:7;CH3:2,243.28296,369.41450
1-butyl-2-methylbenzene,1595-11-5,C11H16,Joback-Reid estimate,CH2:3;CH3:2;ring=C:2;ring=CH:4,200.02685,308.85050
"2-ethyl-1,3-dimethylbenzene",2870-04-4,C10H14,Joback-Reid estimate,CH2:1;CH3:3;ring=C:3;ring=CH:3,178.99652,272.57850
biphenyl,92-52-4,C12H10,Joback-Reid estimate,ring=C:2;ring=CH:10,161.52454,267.14500
butylbenzene,104-51-8,C10H14,Joback-Reid estimate,CH2:3;CH3:1;ring=C:1;ring=CH:5,175.26749,276.16550
cis-2-Octene,7642-04-8,C8H16,Joback-Reid estimate,=CH:2;CH2:4;CH3:2,174.59844,265.97900
cis-2-heptene,6443-92-1,C7H14,Joback-Reid estimate,=CH:2;CH2:3;CH3:2,151.70360,231.50050
cis-2-pentene,627-20-3,C5H10,Joback-Reid estimate,=CH:2;CH2:1;CH3:2,105.91392,162.54350
cis-3-hexene,13269-52-8,C6H12,Joback-Reid estimate,=CH:2;CH2:2;CH3:2,128.80876,197.02200
cis-3-octene,14850-22-7,C8H16,Joback-Reid estimate,=CH:2;CH2:4;CH3:2,174.59844,265.97900
cis-4-octene,14850-23-8,C8H16,Joback-Reid estimate,=CH:2;CH2:4;CH3:2,174.59844,265.97900
cumene,98-82-8,C9H12,Joback-Reid estimate,CH:1;CH3:2;ring=C:1;ring=CH:5,152.15799,242.10250
cyclohexene,110-83-8,C6H10,Joback-Reid estimate,ring=CH:2;ringCH2:4,97.17234,173.07500
1-methylcyclohexene,591-49-1,C7H12,Joback-Reid estimate,CH3:1;ring=C:1;ring=CH:1;ringCH2:4,121.93169,205.76000
"1,2,3-trimethylcyclopentane",2815-57-8,C8H16,Joback-Reid estimate,CH3:3;ringCH:3;ringCH2:2,161.95127,269.67750
1-ethyl-3-methylcyclopentane,3726-47-4,C8H16,Joback-Reid estimate,CH2:1;CH3:2;ringCH:2;ringCH2:3,159.72999,266.65350
cyclopentene,142-29-0,C5H8,Joback-Reid estimate,ring=CH:2;ringCH2:3,78.92854,140.65500
isobutylbenzene,538-93-2,C10H14,Joback-Reid estimate,CH:1;CH2:1;CH3:2;ring=C:1;ring=CH:5,175.05283,276.58100
isobutylcyclohexane,1678-98-4,C10H20,Joback-Reid estimate,CH:1;CH2:1;CH3:2;ringCH:1;ringCH2:5,198.43268,330.94350
isoprene,78-79-5,C5H8,Joback-Reid estimate,=C:1;=CH:1;=CH2:2;CH3:1,99.38540,148.56750
mesitylene,108-67-8,C9H12,Joback-Reid estimate,CH3:3;ring=C:3;ring=CH:3,156.10168,238.10000
"2,7-dimethyloctane",1072-16-8,C10H22,Joback-Reid estimate,CH:2;CH2:4;CH3:4,234.37080,354.97400
pentamethylbenzene,700-12-9,C11H16,Joback-Reid estimate,CH3:5;ring=C:5;ring=CH:1,205.62039,303.47000
"trans-1,3-Pentadiene",2004-70-8,C5H8,Joback-Reid estimate,=CH:3;=CH2:1;CH3:1,95.37946,145.99250
trans-1-ethyl-2-methylcyclopentane,930-90-5,C8H16,Joback-Reid estimate,CH2:1;CH3:2;ringCH:2;ringCH2:3,159.72999,266.65350
trans-2-nonene,6434-78-2,C9H18,Joback-Reid estimate,=CH:2;CH2:5;CH3:2,197.49328,300.45750
trans-3-Methyl-2-pentene,616-12-6,C6H12,Joback-Reid estimate,=C:1;=CH:1;CH2:1;CH3:3,128.93716,196.94100
trans-3-heptene,14686-14-7,C7H14,Joback-Reid estimate,=CH:2;CH2:3;CH3:2,151.70360,231.50050
trans-3-nonene,125146-82-9,C9H18,Joback-Reid estimate,=CH:2;CH2:5;CH3:2,197.49328,300.45750
trans-4-Methyl-2-pentene,674-76-0,C6H12,Joback-Reid estimate,=CH:2;CH:1;CH3:3,128.59410,197.43750
"1,1-dimethylcyclohexane",590-66-9,C8H16,Joback-Reid estimate,CH3:2;ringC:1;ringCH2:5,150.45604,261.64000
"2,2,4-trimethylhexane",16747-26-5,C9H20,Joback-Reid estimate,C:1;CH:1;CH2:2;CH3:5,211.37053,324.56450
2-propyltoluene,1074-17-5,C10H14,Joback-Reid estimate,CH2:2;CH3:2;ring=C:2;ring=CH:4,177.13201,274.37200
"3,4-dimethylheptane",922-28-1,C9H20,Joback-Reid estimate,CH:2;CH2:3;CH3:4,211.47596,320.49550
"3,4-dimethylhexane",583-48-2,C8H18,Joback-Reid estimate,CH:2;CH2:2;CH3:4,188.58112,286.01700
"3,5-dimethylheptane",926-82-9,C9H20,Joback-Reid estimate,CH:2;CH2:3;CH3:4,211.47596,320.49550
3-ethyl-2-methylpentane,609-26-7,C8H18,Joback-Reid estimate,CH:2;CH2:2;CH3:4,188.58112,286.01700
3-ethyltoluene,620-14-4,C9H12,Joback-Reid estimate,CH2:1;CH3:2;ring=C:2;ring=CH:4,154.23716,239.89350
3-propyltoluene,1074-43-7,C10H14,Joback-Reid estimate,CH2:2;CH3:2;ring=C:2;ring=CH:4,177.13201,274.37200
4-ethyl-2-methylhexane,3074-75-7,C9H20,Joback-Reid estimate,CH:2;CH2:3;CH3:4,211.47596,320.49550
4-ethyl-o-xylene,934-80-5,C10H14,Joback-Reid estimate,CH2:1;CH3:3;ring=C:3;ring=CH:3,178.99652,272.57850
4-ethyltoluene,622-96-8,C9H12,Joback-Reid estimate,CH2:1;CH3:2;ring=C:2;ring=CH:4,154.23716,239.89350
5-ethyl-m-xylene,934-74-7,C10H14,Joback-Reid estimate,CH2:1;CH3:3;ring=C:3;ring=CH:3,178.99652,272.57850
"1,1,2-trimethylcyclopentane",4259-00-1,C8H16,Joback-Reid estimate,CH3:3;ringC:1;ringCH:1;ringCH2:3,157.32836,266.72250
"trans-1,3-dimethylcyclohexane",2207-03-6,C8H16,Joback-Reid estimate,CH3:2;ringCH:2;ringCH2:4,155.07894,264.59500
1-ethyl-2-methylcyclopentane,3726-46-3,C8H16,Joback-Reid estimate,CH2:1;CH3:2;ringCH:2;ringCH2:3,159.72999,266.65350
isopropylcyclohexane,696-29-7,C9H18,Joback-Reid estimate,CH:1;CH3:2;ringCH:1;ringCH2:5,175.53784,296.46500
m-cymene,535-77-3,C10H14,Joback-Reid estimate,CH:1;CH3:3;ring=C:2;ring=CH:4,176.91734,274.78750
m-diethylbenzene,141-93-5,C10H14,Joback-Reid estimate,CH2:2;CH3:2;ring=C:2;ring=CH:4,177.13201,274.37200
